,WHO_2021_Subtype,Histologic_Grade,WHO_2021_Grade,OS,OS_EVENT
TCGA-02-0003,IDH-Wildtype Glioblastoma,G4,G4,144.0,1.0
TCGA-02-0033,IDH-Wildtype Glioblastoma,G4,G4,86.0,1.0
TCGA-02-0047,IDH-Wildtype Glioblastoma,G4,G4,448.0,1.0
TCGA-02-0055,IDH-Wildtype Glioblastoma,G4,G4,76.0,1.0
TCGA-02-2470,IDH-Wildtype Glioblastoma,G4,G4,393.0,1.0
TCGA-02-2483,IDH-Mutant Astrocytoma,G4,G4,466.0,0.0
TCGA-02-2485,IDH-Wildtype Glioblastoma,G4,G4,470.0,0.0
TCGA-02-2486,IDH-Wildtype Glioblastoma,G4,G4,618.0,1.0
TCGA-06-0119,IDH-Wildtype Glioblastoma,G4,G4,82.0,1.0
TCGA-06-0122,IDH-Wildtype Glioblastoma,G4,G4,187.0,1.0
TCGA-06-0124,IDH-Wildtype Glioblastoma,G4,G4,620.0,1.0
TCGA-06-0125,IDH-Wildtype Glioblastoma,G4,G4,1448.0,1.0
TCGA-06-0126,IDH-Wildtype Glioblastoma,G4,G4,211.0,1.0
TCGA-06-0128,IDH-Mutant Astrocytoma,G4,G4,691.0,1.0
TCGA-06-0129,IDH-Mutant Astrocytoma,G4,G4,1024.0,1.0
TCGA-06-0130,IDH-Wildtype Glioblastoma,G4,G4,394.0,1.0
TCGA-06-0132,IDH-Wildtype Glioblastoma,G4,G4,771.0,1.0
TCGA-06-0137,IDH-Wildtype Glioblastoma,G4,G4,812.0,1.0
TCGA-06-0139,IDH-Wildtype Glioblastoma,G4,G4,362.0,1.0
TCGA-06-0140,IDH-Wildtype Glioblastoma,G4,G4,6.0,1.0
TCGA-06-0141,IDH-Wildtype Glioblastoma,G4,G4,313.0,1.0
TCGA-06-0142,IDH-Wildtype Glioblastoma,G4,G4,67.0,1.0
TCGA-06-0145,IDH-Wildtype Glioblastoma,G4,G4,71.0,1.0
TCGA-06-0151,IDH-Wildtype Glioblastoma,G4,G4,1417.0,1.0
TCGA-06-0152,IDH-Wildtype Glioblastoma,G4,G4,375.0,1.0
TCGA-06-0154,IDH-Wildtype Glioblastoma,G4,G4,424.0,1.0
TCGA-06-0155,IDH-Wildtype Glioblastoma,G4,G4,318.0,1.0
TCGA-06-0157,IDH-Wildtype Glioblastoma,G4,G4,97.0,1.0
TCGA-06-0158,IDH-Wildtype Glioblastoma,G4,G4,329.0,1.0
TCGA-06-0165,IDH-Wildtype Glioblastoma,G4,G4,324.0,1.0
TCGA-06-0166,IDH-Wildtype Glioblastoma,G4,G4,178.0,1.0
TCGA-06-0168,IDH-Wildtype Glioblastoma,G4,G4,598.0,1.0
TCGA-06-0169,IDH-Wildtype Glioblastoma,G4,G4,100.0,1.0
TCGA-06-0171,IDH-Wildtype Glioblastoma,G4,G4,399.0,1.0
TCGA-06-0173,IDH-Wildtype Glioblastoma,G4,G4,136.0,1.0
TCGA-06-0174,IDH-Wildtype Glioblastoma,G4,G4,98.0,1.0
TCGA-06-0184,IDH-Wildtype Glioblastoma,G4,G4,2126.0,1.0
TCGA-06-0185,IDH-Wildtype Glioblastoma,G4,G4,2246.0,0.0
TCGA-06-0187,IDH-Wildtype Glioblastoma,G4,G4,828.0,1.0
TCGA-06-0188,IDH-Wildtype Glioblastoma,G4,G4,1356.0,1.0
TCGA-06-0189,IDH-Wildtype Glioblastoma,G4,G4,469.0,1.0
TCGA-06-0190,IDH-Wildtype Glioblastoma,G4,G4,317.0,1.0
TCGA-06-0192,IDH-Wildtype Glioblastoma,G4,G4,1185.0,1.0
TCGA-06-0195,IDH-Wildtype Glioblastoma,G4,G4,225.0,1.0
TCGA-06-0209,IDH-Wildtype Glioblastoma,G4,G4,232.0,1.0
TCGA-06-0210,IDH-Wildtype Glioblastoma,G4,G4,225.0,1.0
TCGA-06-0211,IDH-Wildtype Glioblastoma,G4,G4,360.0,1.0
TCGA-06-0213,IDH-Wildtype Glioblastoma,G4,G4,16.0,1.0
TCGA-06-0214,IDH-Wildtype Glioblastoma,G4,G4,457.0,1.0
TCGA-06-0216,IDH-Wildtype Glioblastoma,G4,G4,735.0,1.0
TCGA-06-0219,IDH-Wildtype Glioblastoma,G4,G4,22.0,1.0
TCGA-06-0221,IDH-Mutant Astrocytoma,G4,G4,603.0,1.0
TCGA-06-0237,IDH-Wildtype Glioblastoma,G4,G4,415.0,1.0
TCGA-06-0238,IDH-Wildtype Glioblastoma,G4,G4,405.0,1.0
TCGA-06-0240,IDH-Wildtype Glioblastoma,G4,G4,621.0,1.0
TCGA-06-0241,IDH-Wildtype Glioblastoma,G4,G4,1481.0,1.0
TCGA-06-0644,IDH-Wildtype Glioblastoma,G4,G4,384.0,1.0
TCGA-06-0645,IDH-Wildtype Glioblastoma,G4,G4,175.0,1.0
TCGA-06-0646,IDH-Wildtype Glioblastoma,G4,G4,175.0,1.0
TCGA-06-0648,IDH-Wildtype Glioblastoma,G4,G4,298.0,1.0
TCGA-06-0649,IDH-Wildtype Glioblastoma,G4,G4,64.0,1.0
TCGA-06-0650,IDH-Wildtype Glioblastoma,G4,G4,717.0,1.0
TCGA-06-0686,IDH-Wildtype Glioblastoma,G4,G4,432.0,1.0
TCGA-06-0743,IDH-Wildtype Glioblastoma,G4,G4,803.0,1.0
TCGA-06-0744,IDH-Wildtype Glioblastoma,G4,G4,1426.0,1.0
TCGA-06-0745,IDH-Wildtype Glioblastoma,G4,G4,239.0,1.0
TCGA-06-0747,IDH-Wildtype Glioblastoma,G4,G4,82.0,1.0
TCGA-06-0749,IDH-Wildtype Glioblastoma,G4,G4,82.0,1.0
TCGA-06-0750,IDH-Wildtype Glioblastoma,G4,G4,28.0,1.0
TCGA-06-0875,IDH-Wildtype Glioblastoma,G4,G4,1322.0,0.0
TCGA-06-0876,IDH-Wildtype Glioblastoma,G4,G4,1405.0,0.0
TCGA-06-0877,IDH-Wildtype Glioblastoma,G4,G4,204.0,0.0
TCGA-06-0878,IDH-Wildtype Glioblastoma,G4,G4,218.0,0.0
TCGA-06-0879,IDH-Wildtype Glioblastoma,G4,G4,1229.0,1.0
TCGA-06-0881,IDH-Wildtype Glioblastoma,G4,G4,504.0,1.0
TCGA-06-0882,IDH-Wildtype Glioblastoma,G4,G4,632.0,1.0
TCGA-06-0939,IDH-Wildtype Glioblastoma,G4,G4,814.0,1.0
TCGA-06-1804,IDH-Wildtype Glioblastoma,G4,G4,414.0,1.0
TCGA-06-1806,IDH-Wildtype Glioblastoma,G4,G4,466.0,1.0
TCGA-06-2557,IDH-Wildtype Glioblastoma,G4,G4,33.0,1.0
TCGA-06-2558,IDH-Wildtype Glioblastoma,G4,G4,380.0,1.0
TCGA-06-2559,IDH-Wildtype Glioblastoma,G4,G4,150.0,1.0
TCGA-06-2561,IDH-Wildtype Glioblastoma,G4,G4,537.0,1.0
TCGA-06-2562,IDH-Wildtype Glioblastoma,G4,G4,382.0,1.0
TCGA-06-2563,IDH-Wildtype Glioblastoma,G4,G4,932.0,0.0
TCGA-06-2564,IDH-Wildtype Glioblastoma,G4,G4,181.0,0.0
TCGA-06-2565,IDH-Wildtype Glioblastoma,G4,G4,506.0,1.0
TCGA-06-2567,IDH-Wildtype Glioblastoma,G4,G4,133.0,1.0
TCGA-06-2569,IDH-Wildtype Glioblastoma,G4,G4,13.0,0.0
TCGA-06-2570,IDH-Mutant Astrocytoma,G4,G4,958.0,0.0
TCGA-06-5408,IDH-Wildtype Glioblastoma,G4,G4,357.0,1.0
TCGA-06-5410,IDH-Wildtype Glioblastoma,G4,G4,108.0,1.0
TCGA-06-5411,IDH-Wildtype Glioblastoma,G4,G4,254.0,1.0
TCGA-06-5412,IDH-Wildtype Glioblastoma,G4,G4,138.0,1.0
TCGA-06-5413,IDH-Wildtype Glioblastoma,G4,G4,268.0,0.0
TCGA-06-5414,IDH-Wildtype Glioblastoma,G4,G4,273.0,0.0
TCGA-06-5415,IDH-Wildtype Glioblastoma,G4,G4,260.0,0.0
TCGA-06-5416,IDH-Mutant Astrocytoma,G4,G4,204.0,0.0
TCGA-06-5418,IDH-Wildtype Glioblastoma,G4,G4,83.0,1.0
TCGA-06-5856,IDH-Wildtype Glioblastoma,G4,G4,114.0,1.0
TCGA-06-5858,IDH-Wildtype Glioblastoma,G4,G4,187.0,0.0
TCGA-06-5859,IDH-Wildtype Glioblastoma,G4,G4,139.0,0.0
TCGA-06-6388,IDH-Wildtype Glioblastoma,G4,G4,159.0,1.0
TCGA-06-6389,IDH-Mutant Astrocytoma,G4,G4,237.0,0.0
TCGA-06-6390,IDH-Wildtype Glioblastoma,G4,G4,164.0,1.0
TCGA-06-6391,IDH-Wildtype Glioblastoma,G4,G4,45.0,1.0
TCGA-06-6693,IDH-Wildtype Glioblastoma,G4,G4,3667.0,1.0
TCGA-06-6694,IDH-Wildtype Glioblastoma,G4,G4,224.0,1.0
TCGA-06-6695,IDH-Wildtype Glioblastoma,G4,G4,253.0,0.0
TCGA-06-6697,IDH-Wildtype Glioblastoma,G4,G4,391.0,0.0
TCGA-06-6698,IDH-Wildtype Glioblastoma,G4,G4,145.0,0.0
TCGA-06-6699,IDH-Wildtype Glioblastoma,G4,G4,47.0,0.0
TCGA-06-6700,IDH-Wildtype Glioblastoma,G4,G4,145.0,0.0
TCGA-06-6701,IDH-Mutant Astrocytoma,G4,G4,151.0,0.0
TCGA-06-A5U0,IDH-Wildtype Glioblastoma,G4,G4,815.0,0.0
TCGA-06-A5U1,IDH-Wildtype Glioblastoma,G4,G4,57.0,1.0
TCGA-06-A6S0,IDH-Wildtype Glioblastoma,G4,G4,95.0,1.0
TCGA-06-A6S1,IDH-Wildtype Glioblastoma,G4,G4,78.0,1.0
TCGA-06-A7TK,IDH-Wildtype Glioblastoma,G4,G4,444.0,1.0
TCGA-06-A7TL,IDH-Mutant Astrocytoma,G4,G4,539.0,0.0
TCGA-08-0386,IDH-Wildtype Glioblastoma,G4,G4,548.0,1.0
TCGA-12-0615,IDH-Wildtype Glioblastoma,G4,G4,467.0,1.0
TCGA-12-0616,IDH-Wildtype Glioblastoma,G4,G4,448.0,1.0
TCGA-12-0618,IDH-Wildtype Glioblastoma,G4,G4,395.0,1.0
TCGA-12-0619,IDH-Wildtype Glioblastoma,G4,G4,1062.0,1.0
TCGA-12-0688,IDH-Wildtype Glioblastoma,G4,G4,811.0,1.0
TCGA-12-0692,IDH-Wildtype Glioblastoma,G4,G4,111.0,1.0
TCGA-12-0821,IDH-Wildtype Glioblastoma,G4,G4,323.0,1.0
TCGA-12-3649,IDH-Wildtype Glioblastoma,G4,G4,463.0,1.0
TCGA-12-3650,IDH-Wildtype Glioblastoma,G4,G4,333.0,1.0
TCGA-12-3652,IDH-Wildtype Glioblastoma,G4,G4,1062.0,1.0
TCGA-12-3653,IDH-Wildtype Glioblastoma,G4,G4,442.0,1.0
TCGA-12-5295,IDH-Wildtype Glioblastoma,G4,G4,454.0,1.0
TCGA-12-5299,IDH-Wildtype Glioblastoma,G4,G4,98.0,1.0
TCGA-12-5301,IDH-Wildtype Glioblastoma,G4,G4,62.0,1.0
TCGA-14-0736,IDH-Wildtype Glioblastoma,G4,G4,460.0,1.0
TCGA-14-0740,IDH-Wildtype Glioblastoma,G4,G4,364.0,1.0
TCGA-14-0781,IDH-Wildtype Glioblastoma,G4,G4,29.0,1.0
TCGA-14-0786,IDH-Wildtype Glioblastoma,G4,G4,701.0,1.0
TCGA-14-0787,IDH-Wildtype Glioblastoma,G4,G4,68.0,1.0
TCGA-14-0789,IDH-Wildtype Glioblastoma,G4,G4,342.0,1.0
TCGA-14-0790,IDH-Wildtype Glioblastoma,G4,G4,419.0,1.0
TCGA-14-0813,IDH-Wildtype Glioblastoma,G4,G4,41.0,1.0
TCGA-14-0817,IDH-Wildtype Glioblastoma,G4,G4,164.0,1.0
TCGA-14-0862,IDH-Wildtype Glioblastoma,G4,G4,88.0,1.0
TCGA-14-0871,IDH-Wildtype Glioblastoma,G4,G4,880.0,1.0
TCGA-14-1034,IDH-Wildtype Glioblastoma,G4,G4,485.0,1.0
TCGA-14-1043,IDH-Wildtype Glioblastoma,G4,G4,24.0,1.0
TCGA-14-1395,IDH-Wildtype Glioblastoma,G4,G4,42.0,1.0
TCGA-14-1450,IDH-Wildtype Glioblastoma,G4,G4,1788.0,0.0
TCGA-14-1456,IDH-Mutant Astrocytoma,G4,G4,1246.0,0.0
TCGA-14-1823,IDH-Wildtype Glioblastoma,G4,G4,543.0,1.0
TCGA-14-1825,IDH-Wildtype Glioblastoma,G4,G4,232.0,1.0
TCGA-14-1829,IDH-Wildtype Glioblastoma,G4,G4,218.0,0.0
TCGA-14-2554,IDH-Wildtype Glioblastoma,G4,G4,532.0,1.0
TCGA-14-4157,IDH-Mutant Astrocytoma,G4,G4,104.0,0.0
TCGA-15-0742,IDH-Wildtype Glioblastoma,G4,G4,419.0,1.0
TCGA-16-0846,IDH-Wildtype Glioblastoma,G4,G4,119.0,1.0
TCGA-16-0848,IDH-Wildtype Glioblastoma,G4,G4,535.0,1.0
TCGA-16-0861,IDH-Wildtype Glioblastoma,G4,G4,131.0,0.0
TCGA-16-1045,IDH-Wildtype Glioblastoma,G4,G4,883.0,1.0
TCGA-16-1048,IDH-Wildtype Glioblastoma,G4,G4,0.0,0.0
TCGA-19-1390,IDH-Wildtype Glioblastoma,G4,G4,772.0,1.0
TCGA-19-1787,IDH-Wildtype Glioblastoma,G4,G4,385.0,1.0
TCGA-19-2619,IDH-Wildtype Glioblastoma,G4,G4,294.0,0.0
TCGA-19-2620,IDH-Wildtype Glioblastoma,G4,G4,148.0,1.0
TCGA-19-2623,IDH-Wildtype Glioblastoma,G4,G4,229.0,0.0
TCGA-19-2624,IDH-Wildtype Glioblastoma,G4,G4,5.0,1.0
TCGA-19-2625,IDH-Wildtype Glioblastoma,G4,G4,124.0,1.0
TCGA-19-2629,IDH-Mutant Astrocytoma,G4,G4,737.0,1.0
TCGA-19-2631,IDH-Wildtype Glioblastoma,G4,G4,213.0,1.0
TCGA-19-4065,IDH-Wildtype Glioblastoma,G4,G4,214.0,0.0
TCGA-19-5947,IDH-Wildtype Glioblastoma,G4,G4,202.0,1.0
TCGA-19-5950,IDH-Wildtype Glioblastoma,G4,G4,523.0,1.0
TCGA-19-5951,IDH-Wildtype Glioblastoma,G4,G4,244.0,1.0
TCGA-19-5952,IDH-Wildtype Glioblastoma,G4,G4,575.0,1.0
TCGA-19-5953,IDH-Wildtype Glioblastoma,G4,G4,144.0,1.0
TCGA-19-5954,IDH-Wildtype Glioblastoma,G4,G4,368.0,1.0
TCGA-19-5955,IDH-Wildtype Glioblastoma,G4,G4,54.0,1.0
TCGA-19-5956,IDH-Wildtype Glioblastoma,G4,G4,684.0,1.0
TCGA-19-5958,IDH-Wildtype Glioblastoma,G4,G4,428.0,1.0
TCGA-19-5959,IDH-Wildtype Glioblastoma,G4,G4,511.0,1.0
TCGA-19-5960,IDH-Wildtype Glioblastoma,G4,G4,455.0,1.0
TCGA-19-A60I,IDH-Wildtype Glioblastoma,G4,G4,541.0,0.0
TCGA-19-A6J4,IDH-Wildtype Glioblastoma,G4,G4,121.0,1.0
TCGA-19-A6J5,IDH-Mutant Astrocytoma,G4,G4,868.0,0.0
TCGA-26-1439,IDH-Wildtype Glioblastoma,G4,G4,422.0,1.0
TCGA-26-1442,IDH-Mutant Astrocytoma,G4,G4,953.0,0.0
TCGA-26-5132,IDH-Wildtype Glioblastoma,G4,G4,286.0,0.0
TCGA-26-5133,IDH-Wildtype Glioblastoma,G4,G4,452.0,0.0
TCGA-26-5134,IDH-Wildtype Glioblastoma,G4,G4,167.0,0.0
TCGA-26-5135,IDH-Wildtype Glioblastoma,G4,G4,270.0,1.0
TCGA-26-5136,IDH-Wildtype Glioblastoma,G4,G4,577.0,1.0
TCGA-26-5139,IDH-Wildtype Glioblastoma,G4,G4,48.0,0.0
TCGA-26-6173,IDH-Wildtype Glioblastoma,G4,G4,241.0,0.0
TCGA-26-6174,IDH-Wildtype Glioblastoma,G4,G4,71.0,0.0
TCGA-26-A7UX,IDH-Wildtype Glioblastoma,G4,G4,588.0,0.0
TCGA-27-1830,IDH-Wildtype Glioblastoma,G4,G4,154.0,1.0
TCGA-27-1831,IDH-Wildtype Glioblastoma,G4,G4,505.0,1.0
TCGA-27-1832,IDH-Wildtype Glioblastoma,G4,G4,300.0,1.0
TCGA-27-1833,IDH-Wildtype Glioblastoma,G4,G4,737.0,1.0
TCGA-27-1834,IDH-Wildtype Glioblastoma,G4,G4,1233.0,1.0
TCGA-27-1835,IDH-Wildtype Glioblastoma,G4,G4,648.0,1.0
TCGA-27-1836,IDH-Wildtype Glioblastoma,G4,G4,914.0,1.0
TCGA-27-1837,IDH-Wildtype Glioblastoma,G4,G4,427.0,1.0
TCGA-27-1838,IDH-Wildtype Glioblastoma,G4,G4,350.0,1.0
TCGA-27-2518,IDH-Wildtype Glioblastoma,G4,G4,753.0,1.0
TCGA-27-2519,IDH-Wildtype Glioblastoma,G4,G4,550.0,1.0
TCGA-27-2521,IDH-Mutant Astrocytoma,G4,G4,510.0,1.0
TCGA-27-2523,IDH-Wildtype Glioblastoma,G4,G4,489.0,1.0
TCGA-27-2524,IDH-Wildtype Glioblastoma,G4,G4,231.0,1.0
TCGA-27-2526,IDH-Wildtype Glioblastoma,G4,G4,87.0,1.0
TCGA-27-2527,IDH-Wildtype Glioblastoma,G4,G4,438.0,1.0
TCGA-27-2528,IDH-Wildtype Glioblastoma,G4,G4,480.0,1.0
TCGA-28-1747,IDH-Wildtype Glioblastoma,G4,G4,77.0,1.0
TCGA-28-1753,IDH-Wildtype Glioblastoma,G4,G4,37.0,0.0
TCGA-28-2501,IDH-Wildtype Glioblastoma,G4,G4,0.0,0.0
TCGA-28-2502,IDH-Wildtype Glioblastoma,G4,G4,20.0,0.0
TCGA-28-2509,IDH-Wildtype Glioblastoma,G4,G4,145.0,0.0
TCGA-28-2510,IDH-Wildtype Glioblastoma,G4,G4,0.0,0.0
TCGA-28-2513,IDH-Wildtype Glioblastoma,G4,G4,222.0,0.0
TCGA-28-2514,IDH-Wildtype Glioblastoma,G4,G4,160.0,0.0
TCGA-28-5204,IDH-Wildtype Glioblastoma,G4,G4,454.0,1.0
TCGA-28-5207,IDH-Wildtype Glioblastoma,G4,G4,343.0,1.0
TCGA-28-5208,IDH-Wildtype Glioblastoma,G4,G4,544.0,1.0
TCGA-28-5209,IDH-Wildtype Glioblastoma,G4,G4,442.0,0.0
TCGA-28-5211,IDH-Wildtype Glioblastoma,G4,G4,358.0,0.0
TCGA-28-5213,IDH-Wildtype Glioblastoma,G4,G4,951.0,0.0
TCGA-28-5214,IDH-Wildtype Glioblastoma,G4,G4,713.0,1.0
TCGA-28-5215,IDH-Wildtype Glioblastoma,G4,G4,335.0,1.0
TCGA-28-5216,IDH-Wildtype Glioblastoma,G4,G4,415.0,0.0
TCGA-28-5218,IDH-Wildtype Glioblastoma,G4,G4,157.0,1.0
TCGA-28-5219,IDH-Wildtype Glioblastoma,G4,G4,690.0,0.0
TCGA-28-5220,IDH-Wildtype Glioblastoma,G4,G4,388.0,1.0
TCGA-28-6450,IDH-Wildtype Glioblastoma,G4,G4,165.0,1.0
TCGA-32-1970,IDH-Wildtype Glioblastoma,G4,G4,468.0,1.0
TCGA-32-1977,IDH-Wildtype Glioblastoma,G4,G4,3.0,0.0
TCGA-32-1979,IDH-Wildtype Glioblastoma,G4,G4,593.0,1.0
TCGA-32-1980,IDH-Wildtype Glioblastoma,G4,G4,36.0,1.0
TCGA-32-1982,IDH-Wildtype Glioblastoma,G4,G4,142.0,1.0
TCGA-32-1986,IDH-Wildtype Glioblastoma,G4,G4,386.0,1.0
TCGA-32-1991,IDH-Wildtype Glioblastoma,G4,G4,515.0,1.0
TCGA-32-2491,IDH-Wildtype Glioblastoma,G4,G4,372.0,1.0
TCGA-32-2494,IDH-Wildtype Glioblastoma,G4,G4,632.0,1.0
TCGA-32-2495,IDH-Wildtype Glioblastoma,G4,G4,457.0,1.0
TCGA-32-2615,IDH-Wildtype Glioblastoma,G4,G4,485.0,1.0
TCGA-32-2616,IDH-Wildtype Glioblastoma,G4,G4,224.0,1.0
TCGA-32-2632,IDH-Wildtype Glioblastoma,G4,G4,269.0,1.0
TCGA-32-2634,IDH-Wildtype Glioblastoma,G4,G4,693.0,0.0
TCGA-32-2638,IDH-Wildtype Glioblastoma,G4,G4,766.0,1.0
TCGA-32-4208,IDH-Mutant Astrocytoma,G4,G4,643.0,0.0
TCGA-32-4210,IDH-Wildtype Glioblastoma,G4,G4,113.0,1.0
TCGA-32-4211,IDH-Wildtype Glioblastoma,G4,G4,383.0,1.0
TCGA-32-4213,IDH-Wildtype Glioblastoma,G4,G4,604.0,0.0
TCGA-32-4719,IDH-Wildtype Glioblastoma,G4,G4,330.0,1.0
TCGA-32-5222,IDH-Wildtype Glioblastoma,G4,G4,585.0,1.0
TCGA-41-2571,IDH-Wildtype Glioblastoma,G4,G4,26.0,1.0
TCGA-41-2572,IDH-Wildtype Glioblastoma,G4,G4,406.0,1.0
TCGA-41-2573,IDH-Wildtype Glioblastoma,G4,G4,272.0,0.0
TCGA-41-2575,IDH-Wildtype Glioblastoma,G4,G4,290.0,1.0
TCGA-41-3392,IDH-Wildtype Glioblastoma,G4,G4,30.0,1.0
TCGA-41-3393,IDH-Wildtype Glioblastoma,G4,G4,135.0,1.0
TCGA-41-3915,IDH-Wildtype Glioblastoma,G4,G4,360.0,1.0
TCGA-41-4097,IDH-Wildtype Glioblastoma,G4,G4,6.0,1.0
TCGA-41-5651,IDH-Wildtype Glioblastoma,G4,G4,460.0,1.0
TCGA-41-6646,IDH-Wildtype Glioblastoma,G4,G4,379.0,1.0
TCGA-4W-AA9R,IDH-Wildtype Glioblastoma,G4,G4,124.0,0.0
TCGA-4W-AA9S,IDH-Wildtype Glioblastoma,G4,G4,44.0,0.0
TCGA-4W-AA9T,IDH-Wildtype Glioblastoma,G4,G4,778.0,0.0
TCGA-74-6573,IDH-Wildtype Glioblastoma,G4,G4,105.0,1.0
TCGA-74-6575,IDH-Wildtype Glioblastoma,G4,G4,636.0,0.0
TCGA-74-6577,IDH-Wildtype Glioblastoma,G4,G4,132.0,0.0
TCGA-74-6578,IDH-Wildtype Glioblastoma,G4,G4,436.0,0.0
TCGA-74-6581,IDH-Wildtype Glioblastoma,G4,G4,250.0,0.0
TCGA-74-6584,IDH-Wildtype Glioblastoma,G4,G4,228.0,0.0
TCGA-76-4925,IDH-Wildtype Glioblastoma,G4,G4,146.0,1.0
TCGA-76-4926,IDH-Wildtype Glioblastoma,G4,G4,138.0,1.0
TCGA-76-4928,IDH-Wildtype Glioblastoma,G4,G4,94.0,1.0
TCGA-76-4929,IDH-Wildtype Glioblastoma,G4,G4,111.0,1.0
TCGA-76-4931,IDH-Wildtype Glioblastoma,G4,G4,279.0,1.0
TCGA-76-4934,IDH-Wildtype Glioblastoma,G4,G4,77.0,1.0
TCGA-76-4935,IDH-Wildtype Glioblastoma,G4,G4,1121.0,1.0
TCGA-76-6191,IDH-Wildtype Glioblastoma,G4,G4,508.0,1.0
TCGA-76-6192,IDH-Wildtype Glioblastoma,G4,G4,100.0,1.0
TCGA-76-6193,IDH-Wildtype Glioblastoma,G4,G4,82.0,1.0
TCGA-76-6280,IDH-Wildtype Glioblastoma,G4,G4,346.0,1.0
TCGA-76-6282,IDH-Wildtype Glioblastoma,G4,G4,519.0,1.0
TCGA-76-6283,IDH-Wildtype Glioblastoma,G4,G4,165.0,1.0
TCGA-76-6285,IDH-Wildtype Glioblastoma,G4,G4,254.0,1.0
TCGA-76-6286,IDH-Wildtype Glioblastoma,G4,G4,638.0,1.0
TCGA-76-6656,IDH-Wildtype Glioblastoma,G4,G4,147.0,1.0
TCGA-76-6657,IDH-Wildtype Glioblastoma,G4,G4,153.0,1.0
TCGA-76-6660,IDH-Wildtype Glioblastoma,G4,G4,114.0,1.0
TCGA-76-6661,IDH-Wildtype Glioblastoma,G4,G4,727.0,1.0
TCGA-76-6662,IDH-Wildtype Glioblastoma,G4,G4,1048.0,1.0
TCGA-76-6663,IDH-Wildtype Glioblastoma,G4,G4,567.0,1.0
TCGA-76-6664,IDH-Wildtype Glioblastoma,G4,G4,1101.0,0.0
TCGA-81-5910,IDH-Wildtype Glioblastoma,G4,G4,49.0,1.0
TCGA-81-5911,IDH-Wildtype Glioblastoma,G4,G4,539.0,0.0
TCGA-87-5896,IDH-Wildtype Glioblastoma,G4,G4,800.0,0.0
TCGA-CS-4938,IDH-Mutant Astrocytoma,G2,G2,3574.0,0.0
TCGA-CS-4941,IDH-Wildtype Glioblastoma,G3,G4,234.0,1.0
TCGA-CS-4942,IDH-Mutant Astrocytoma,G3,G3,1335.0,1.0
TCGA-CS-4943,IDH-Mutant Astrocytoma,G3,G4,1106.0,1.0
TCGA-CS-4944,IDH-Mutant Astrocytoma,G2,G2,1828.0,0.0
TCGA-CS-5390,Oligodendroglioma,G2,G2,0.0,0.0
TCGA-CS-5393,IDH-Mutant Astrocytoma,G3,G3,1222.0,0.0
TCGA-CS-5394,Oligodendroglioma,G3,G3,8.0,0.0
TCGA-CS-5395,IDH-Wildtype Glioblastoma,G2,G4,639.0,1.0
TCGA-CS-5396,Oligodendroglioma,G3,G3,1631.0,0.0
TCGA-CS-5397,IDH-Wildtype Glioblastoma,G3,G4,194.0,1.0
TCGA-CS-6186,IDH-Wildtype Glioblastoma,G3,G4,538.0,1.0
TCGA-CS-6188,IDH-Wildtype Glioblastoma,G3,G4,814.0,1.0
TCGA-CS-6290,IDH-Mutant Astrocytoma,G3,G3,1137.0,1.0
TCGA-CS-6665,IDH-Mutant Astrocytoma,G3,G3,1568.0,0.0
TCGA-CS-6666,IDH-Mutant Astrocytoma,G3,G3,1428.0,0.0
TCGA-CS-6667,IDH-Mutant Astrocytoma,G2,G2,1469.0,0.0
TCGA-CS-6668,Oligodendroglioma,G2,G2,1519.0,0.0
TCGA-CS-6670,Oligodendroglioma,G3,G3,1426.0,0.0
TCGA-DB-5270,IDH-Mutant Astrocytoma,G3,G3,3733.0,0.0
TCGA-DB-5273,IDH-Mutant Astrocytoma,G3,G3,2493.0,0.0
TCGA-DB-5274,Oligodendroglioma,G3,G3,2289.0,0.0
TCGA-DB-5275,IDH-Mutant Astrocytoma,G3,G3,1458.0,0.0
TCGA-DB-5276,IDH-Mutant Astrocytoma,G3,G3,2218.0,0.0
TCGA-DB-5277,IDH-Mutant Astrocytoma,G3,G3,1547.0,1.0
TCGA-DB-5278,Oligodendroglioma,G2,G2,2772.0,0.0
TCGA-DB-5279,Oligodendroglioma,G2,G2,1354.0,0.0
TCGA-DB-5280,IDH-Mutant Astrocytoma,G2,G2,1112.0,0.0
TCGA-DB-5281,IDH-Mutant Astrocytoma,G3,G3,2381.0,0.0
TCGA-DB-A4X9,IDH-Mutant Astrocytoma,G2,G2,1412.0,0.0
TCGA-DB-A4XA,Oligodendroglioma,G2,G2,573.0,0.0
TCGA-DB-A4XB,IDH-Mutant Astrocytoma,G3,G3,919.0,0.0
TCGA-DB-A4XC,IDH-Mutant Astrocytoma,G2,G2,1421.0,0.0
TCGA-DB-A4XD,IDH-Mutant Astrocytoma,G3,G3,1210.0,0.0
TCGA-DB-A4XE,IDH-Mutant Astrocytoma,G3,G3,1139.0,0.0
TCGA-DB-A4XF,IDH-Mutant Astrocytoma,G3,G3,1021.0,0.0
TCGA-DB-A4XG,Oligodendroglioma,G3,G3,2219.0,0.0
TCGA-DB-A4XH,Oligodendroglioma,G2,G2,962.0,0.0
TCGA-DB-A64L,Oligodendroglioma,G2,G2,736.0,0.0
TCGA-DB-A64O,IDH-Wildtype Glioblastoma,G2,G4,775.0,1.0
TCGA-DB-A64P,Oligodendroglioma,G3,G3,916.0,0.0
TCGA-DB-A64Q,Oligodendroglioma,G2,G2,182.0,0.0
TCGA-DB-A64R,Oligodendroglioma,G2,G2,955.0,0.0
TCGA-DB-A64S,IDH-Mutant Astrocytoma,G2,G2,835.0,0.0
TCGA-DB-A64U,Oligodendroglioma,G2,G2,846.0,0.0
TCGA-DB-A64V,Oligodendroglioma,G2,G2,889.0,0.0
TCGA-DB-A64W,Oligodendroglioma,G3,G3,438.0,1.0
TCGA-DB-A64X,IDH-Mutant Astrocytoma,G3,G3,563.0,0.0
TCGA-DB-A75K,Oligodendroglioma,G3,G3,368.0,0.0
TCGA-DB-A75L,IDH-Mutant Astrocytoma,G3,G3,342.0,0.0
TCGA-DB-A75M,IDH-Mutant Astrocytoma,G2,G2,544.0,0.0
TCGA-DB-A75O,IDH-Mutant Astrocytoma,G3,G3,935.0,0.0
TCGA-DH-5141,Oligodendroglioma,G3,G3,968.0,0.0
TCGA-DH-5142,IDH-Mutant Astrocytoma,G3,G3,1943.0,0.0
TCGA-DH-5143,IDH-Mutant Astrocytoma,G3,G3,1401.0,0.0
TCGA-DH-5144,Oligodendroglioma,G3,G3,748.0,0.0
TCGA-DH-A669,Oligodendroglioma,G3,G3,919.0,1.0
TCGA-DH-A66B,IDH-Mutant Astrocytoma,G3,G3,1279.0,0.0
TCGA-DH-A66D,IDH-Mutant Astrocytoma,G3,G3,846.0,0.0
TCGA-DH-A66F,Oligodendroglioma,G2,G2,523.0,0.0
TCGA-DH-A66G,IDH-Mutant Astrocytoma,G3,G3,523.0,0.0
TCGA-DH-A7UR,Oligodendroglioma,G3,G3,1650.0,0.0
TCGA-DH-A7US,Oligodendroglioma,G2,G2,706.0,0.0
TCGA-DH-A7UT,IDH-Mutant Astrocytoma,G3,G3,531.0,1.0
TCGA-DH-A7UU,IDH-Mutant Astrocytoma,G3,G3,417.0,0.0
TCGA-DH-A7UV,IDH-Mutant Astrocytoma,G3,G3,566.0,0.0
TCGA-DU-5847,IDH-Wildtype Glioblastoma,G3,G4,548.0,0.0
TCGA-DU-5849,Oligodendroglioma,G2,G2,443.0,0.0
TCGA-DU-5851,IDH-Mutant Astrocytoma,G3,G3,531.0,0.0
TCGA-DU-5852,IDH-Wildtype Glioblastoma,G3,G4,205.0,1.0
TCGA-DU-5853,IDH-Mutant Astrocytoma,G2,G2,407.0,0.0
TCGA-DU-5854,IDH-Wildtype Glioblastoma,G3,G4,257.0,0.0
TCGA-DU-5855,IDH-Mutant Astrocytoma,G3,G3,207.0,0.0
TCGA-DU-5870,Oligodendroglioma,G2,G2,5546.0,0.0
TCGA-DU-5871,IDH-Mutant Astrocytoma,G2,G2,576.0,0.0
TCGA-DU-5872,IDH-Mutant Astrocytoma,G2,G2,532.0,0.0
TCGA-DU-5874,Oligodendroglioma,G2,G2,461.0,0.0
TCGA-DU-6393,Oligodendroglioma,G3,G3,1585.0,1.0
TCGA-DU-6394,Oligodendroglioma,G3,G3,682.0,1.0
TCGA-DU-6395,IDH-Mutant Astrocytoma,G2,G2,1491.0,1.0
TCGA-DU-6396,IDH-Mutant Astrocytoma,G3,G3,2286.0,1.0
TCGA-DU-6397,Oligodendroglioma,G3,G3,1401.0,1.0
TCGA-DU-6399,IDH-Mutant Astrocytoma,G2,G2,2000.0,1.0
TCGA-DU-6400,Oligodendroglioma,G2,G2,37.0,1.0
TCGA-DU-6401,IDH-Mutant Astrocytoma,G2,G2,2660.0,1.0
TCGA-DU-6402,IDH-Wildtype Glioblastoma,G3,G4,214.0,1.0
TCGA-DU-6403,IDH-Wildtype Glioblastoma,G3,G4,354.0,1.0
TCGA-DU-6405,IDH-Wildtype Glioblastoma,G3,G4,605.0,1.0
TCGA-DU-6406,IDH-Wildtype Glioblastoma,G3,G4,512.0,1.0
TCGA-DU-6407,IDH-Mutant Astrocytoma,G2,G4,2875.0,1.0
TCGA-DU-6408,IDH-Mutant Astrocytoma,G3,G3,3470.0,1.0
TCGA-DU-6410,Oligodendroglioma,G3,G3,242.0,0.0
TCGA-DU-6542,IDH-Mutant Astrocytoma,G3,G3,73.0,0.0
TCGA-DU-7006,IDH-Wildtype Glioblastoma,G3,G4,349.0,1.0
TCGA-DU-7007,IDH-Mutant Astrocytoma,G2,G2,1915.0,1.0
TCGA-DU-7008,IDH-Mutant Astrocytoma,G2,G2,4752.0,0.0
TCGA-DU-7009,Oligodendroglioma,G2,G2,4695.0,1.0
TCGA-DU-7010,IDH-Mutant Astrocytoma,G3,G3,456.0,1.0
TCGA-DU-7011,IDH-Mutant Astrocytoma,G2,G2,3200.0,1.0
TCGA-DU-7012,IDH-Wildtype Glioblastoma,G3,G4,199.0,1.0
TCGA-DU-7013,IDH-Wildtype Glioblastoma,G3,G4,269.0,1.0
TCGA-DU-7015,IDH-Mutant Astrocytoma,G2,G2,2761.0,0.0
TCGA-DU-7018,Oligodendroglioma,G3,G3,933.0,1.0
TCGA-DU-7019,IDH-Mutant Astrocytoma,G2/G3,G2/G3,800.0,0.0
TCGA-DU-7290,IDH-Wildtype Glioblastoma,G3,G4,315.0,1.0
TCGA-DU-7292,IDH-Wildtype Glioblastoma,G3,G4,242.0,1.0
TCGA-DU-7294,Oligodendroglioma,G2,G2,2869.0,0.0
TCGA-DU-7298,IDH-Mutant Astrocytoma,G3,G3,576.0,1.0
TCGA-DU-7299,IDH-Mutant Astrocytoma,G3,G3,1339.0,1.0
TCGA-DU-7300,Oligodendroglioma,G3,G3,1886.0,1.0
TCGA-DU-7301,IDH-Mutant Astrocytoma,G2,G2,788.0,1.0
TCGA-DU-7302,Oligodendroglioma,G3,G3,1834.0,0.0
TCGA-DU-7304,IDH-Mutant Astrocytoma,G3,G3,709.0,1.0
TCGA-DU-7306,IDH-Mutant Astrocytoma,G2,G2,1277.0,0.0
TCGA-DU-7309,IDH-Mutant Astrocytoma,G3,G3,84.0,0.0
TCGA-DU-8158,IDH-Wildtype Glioblastoma,G3,G4,155.0,1.0
TCGA-DU-8161,IDH-Wildtype Glioblastoma,G3,G4,722.0,1.0
TCGA-DU-8162,IDH-Wildtype Glioblastoma,G3,G4,444.0,1.0
TCGA-DU-8163,IDH-Mutant Astrocytoma,G3,G3,629.0,0.0
TCGA-DU-8164,Oligodendroglioma,G2,G2,651.0,0.0
TCGA-DU-8165,IDH-Wildtype Glioblastoma,G3,G4,582.0,0.0
TCGA-DU-8166,IDH-Mutant Astrocytoma,G2,G2,516.0,0.0
TCGA-DU-8167,IDH-Mutant Astrocytoma,G2,G2,471.0,0.0
TCGA-DU-8168,Oligodendroglioma,G3,G3,431.0,0.0
TCGA-DU-A5TP,IDH-Mutant Astrocytoma,G3,G3,1012.0,0.0
TCGA-DU-A5TR,IDH-Mutant Astrocytoma,G2,G2,908.0,0.0
TCGA-DU-A5TS,IDH-Mutant Astrocytoma,G2,G2,964.0,0.0
TCGA-DU-A5TT,IDH-Wildtype Glioblastoma,G3,G4,743.0,0.0
TCGA-DU-A5TU,IDH-Mutant Astrocytoma,G2,G2,796.0,0.0
TCGA-DU-A5TW,IDH-Mutant Astrocytoma,G3,G3,760.0,0.0
TCGA-DU-A5TY,IDH-Wildtype Glioblastoma,G3,G4,1033.0,1.0
TCGA-DU-A6S2,Oligodendroglioma,G2,G2,777.0,0.0
TCGA-DU-A6S3,Oligodendroglioma,G2,G2,656.0,0.0
TCGA-DU-A6S6,Oligodendroglioma,G2,G2,2893.0,0.0
TCGA-DU-A6S7,IDH-Mutant Astrocytoma,G3,G3,638.0,0.0
TCGA-DU-A6S8,Oligodendroglioma,G3,G3,678.0,0.0
TCGA-DU-A76K,IDH-Wildtype Glioblastoma,G2,G4,347.0,1.0
TCGA-DU-A76L,IDH-Wildtype Glioblastoma,G3,G4,814.0,1.0
TCGA-DU-A76O,IDH-Mutant Astrocytoma,G2,G2,522.0,0.0
TCGA-DU-A76R,Oligodendroglioma,G3,G3,648.0,1.0
TCGA-DU-A7T6,Oligodendroglioma,G3,G3,547.0,1.0
TCGA-DU-A7T8,IDH-Mutant Astrocytoma,G3,G3,4229.0,1.0
TCGA-DU-A7TA,IDH-Mutant Astrocytoma,G2,G2,2565.0,0.0
TCGA-DU-A7TC,IDH-Mutant Astrocytoma,G2,G2,1137.0,0.0
TCGA-DU-A7TD,IDH-Wildtype Glioblastoma,G3,G4,228.0,1.0
TCGA-DU-A7TJ,IDH-Wildtype Glioblastoma,G3,G4,17.0,0.0
TCGA-E1-5302,IDH-Mutant Astrocytoma,G3,G3,1525.0,1.0
TCGA-E1-5303,IDH-Mutant Astrocytoma,G3,G3,2052.0,1.0
TCGA-E1-5304,IDH-Mutant Astrocytoma,G3,G4,1251.0,1.0
TCGA-E1-5305,IDH-Mutant Astrocytoma,G3,G3,2433.0,1.0
TCGA-E1-5307,IDH-Mutant Astrocytoma,G3,G3,1762.0,1.0
TCGA-E1-5311,Oligodendroglioma,G3,G3,4084.0,1.0
TCGA-E1-5318,Oligodendroglioma,G2,G2,2379.0,1.0
TCGA-E1-5319,Oligodendroglioma,G2,G2,2907.0,1.0
TCGA-E1-5322,IDH-Mutant Astrocytoma,G2,G2,3978.0,1.0
TCGA-E1-A7YD,IDH-Wildtype Glioblastoma,G3,G4,435.0,1.0
TCGA-E1-A7YE,IDH-Mutant Astrocytoma,G3,G3,886.0,1.0
TCGA-E1-A7YH,IDH-Mutant Astrocytoma,G3,G3,2835.0,1.0
TCGA-E1-A7YI,IDH-Mutant Astrocytoma,G3,G4,111.0,1.0
TCGA-E1-A7YJ,IDH-Wildtype Glioblastoma,G3,G4,592.0,1.0
TCGA-E1-A7YK,IDH-Mutant Astrocytoma,G3,G3,378.0,1.0
TCGA-E1-A7YL,IDH-Wildtype Glioblastoma,G3,G4,492.0,1.0
TCGA-E1-A7YM,IDH-Wildtype Glioblastoma,G3,G4,648.0,1.0
TCGA-E1-A7YN,IDH-Wildtype Glioblastoma,G3,G4,727.0,1.0
TCGA-E1-A7YO,Oligodendroglioma,G3,G3,2282.0,1.0
TCGA-E1-A7YQ,IDH-Wildtype Glioblastoma,G3,G4,1578.0,1.0
TCGA-E1-A7YS,Oligodendroglioma,G3,G3,466.0,1.0
TCGA-E1-A7YU,IDH-Mutant Astrocytoma,G3,G3,23.0,1.0
TCGA-E1-A7YV,IDH-Mutant Astrocytoma,G3,G3,987.0,1.0
TCGA-E1-A7YW,IDH-Mutant Astrocytoma,G2,G2,1120.0,1.0
TCGA-E1-A7Z2,IDH-Wildtype Glioblastoma,G2,G4,398.0,1.0
TCGA-E1-A7Z3,IDH-Mutant Astrocytoma,G2,G2,2235.0,1.0
TCGA-E1-A7Z4,IDH-Mutant Astrocytoma,G2,G2,4412.0,1.0
TCGA-E1-A7Z6,IDH-Mutant Astrocytoma,G2,G2,984.0,1.0
TCGA-EZ-7264,Oligodendroglioma,G2,G2,1201.0,0.0
TCGA-F6-A8O3,Oligodendroglioma,G2,G2,7.0,0.0
TCGA-F6-A8O4,IDH-Mutant Astrocytoma,G2,G4,6.0,0.0
TCGA-FG-5962,Oligodendroglioma,G3,G3,1453.0,0.0
TCGA-FG-5964,Oligodendroglioma,G2,G2,1588.0,0.0
TCGA-FG-5965,IDH-Mutant Astrocytoma,G2,G4,1120.0,1.0
TCGA-FG-6688,IDH-Wildtype Glioblastoma,G3,G4,571.0,0.0
TCGA-FG-6689,IDH-Mutant Astrocytoma,G2,G2,454.0,0.0
TCGA-FG-6690,IDH-Mutant Astrocytoma,G2,G2,1294.0,0.0
TCGA-FG-6691,IDH-Mutant Astrocytoma,G2,G2,1257.0,0.0
TCGA-FG-6692,IDH-Wildtype Glioblastoma,G3,G4,561.0,1.0
TCGA-FG-7634,Oligodendroglioma,G2,G2,467.0,0.0
TCGA-FG-7636,IDH-Mutant Astrocytoma,G3,G3,544.0,0.0
TCGA-FG-7638,Oligodendroglioma,G3,G3,686.0,0.0
TCGA-FG-7641,Oligodendroglioma,G2,G2,627.0,0.0
TCGA-FG-7643,IDH-Wildtype Glioblastoma,G2,G4,611.0,0.0
TCGA-FG-8182,IDH-Mutant Astrocytoma,G2,G2,416.0,0.0
TCGA-FG-8185,IDH-Mutant Astrocytoma,G3,G3,433.0,0.0
TCGA-FG-8186,Oligodendroglioma,G3,G3,487.0,0.0
TCGA-FG-8187,Oligodendroglioma,G2,G2,611.0,0.0
TCGA-FG-8188,IDH-Mutant Astrocytoma,G2,G2,455.0,0.0
TCGA-FG-8191,IDH-Mutant Astrocytoma,G3,G3,992.0,0.0
TCGA-FG-A4MT,IDH-Mutant Astrocytoma,G2,G2,1164.0,0.0
TCGA-FG-A4MU,IDH-Wildtype Glioblastoma,G3,G4,326.0,0.0
TCGA-FG-A4MW,IDH-Wildtype Glioblastoma,G3,G4,559.0,1.0
TCGA-FG-A4MX,IDH-Mutant Astrocytoma,G2,G2,569.0,0.0
TCGA-FG-A4MY,IDH-Mutant Astrocytoma,G2,G2,721.0,0.0
TCGA-FG-A60J,IDH-Mutant Astrocytoma,G2,G2,449.0,0.0
TCGA-FG-A60K,Oligodendroglioma,G2,G2,542.0,0.0
TCGA-FG-A60L,IDH-Mutant Astrocytoma,G2,G2,655.0,0.0
TCGA-FG-A6IZ,Oligodendroglioma,G2,G2,457.0,0.0
TCGA-FG-A6J1,Oligodendroglioma,G2,G2,500.0,0.0
TCGA-FG-A6J3,IDH-Mutant Astrocytoma,G3,G3,677.0,0.0
TCGA-FG-A70Y,IDH-Mutant Astrocytoma,G2,G4,868.0,0.0
TCGA-FG-A70Z,IDH-Wildtype Glioblastoma,G3,G4,328.0,0.0
TCGA-FG-A710,Oligodendroglioma,G2,G2,1115.0,0.0
TCGA-FG-A711,IDH-Mutant Astrocytoma,G2,G2,1481.0,1.0
TCGA-FG-A713,Oligodendroglioma,G2,G2,622.0,0.0
TCGA-FG-A87N,IDH-Mutant Astrocytoma,G3,G4,567.0,0.0
TCGA-FG-A87Q,IDH-Wildtype Glioblastoma,G3,G4,174.0,0.0
TCGA-FN-7833,IDH-Mutant Astrocytoma,G3,G3,837.0,0.0
TCGA-HT-7467,Oligodendroglioma,G2,G2,3.0,0.0
TCGA-HT-7468,Oligodendroglioma,G3,G3,203.0,0.0
TCGA-HT-7470,IDH-Mutant Astrocytoma,G3,G3,1220.0,1.0
TCGA-HT-7471,Oligodendroglioma,G3,G3,4.0,0.0
TCGA-HT-7472,IDH-Mutant Astrocytoma,G2,G2,1.0,0.0
TCGA-HT-7473,IDH-Mutant Astrocytoma,G2,G2,503.0,0.0
TCGA-HT-7474,IDH-Mutant Astrocytoma,G2,G2,114.0,0.0
TCGA-HT-7475,IDH-Mutant Astrocytoma,G3,G3,530.0,0.0
TCGA-HT-7476,IDH-Mutant Astrocytoma,G2,G4,199.0,0.0
TCGA-HT-7477,IDH-Mutant Astrocytoma,G3,G4,738.0,0.0
TCGA-HT-7478,IDH-Mutant Astrocytoma,G2,G2,194.0,0.0
TCGA-HT-7479,IDH-Mutant Astrocytoma,G3,G3,1227.0,0.0
TCGA-HT-7480,Oligodendroglioma,G2,G2,2287.0,0.0
TCGA-HT-7481,Oligodendroglioma,G2,G2,2918.0,0.0
TCGA-HT-7482,IDH-Mutant Astrocytoma,G2,G2,3253.0,0.0
TCGA-HT-7483,IDH-Mutant Astrocytoma,G2,G2,5255.0,0.0
TCGA-HT-7485,IDH-Mutant Astrocytoma,G2,G4,122.0,0.0
TCGA-HT-7601,IDH-Mutant Astrocytoma,G3,G3,153.0,0.0
TCGA-HT-7602,IDH-Mutant Astrocytoma,G2,G2,908.0,0.0
TCGA-HT-7603,IDH-Mutant Astrocytoma,G2,G2,705.0,0.0
TCGA-HT-7604,IDH-Mutant Astrocytoma,G2,G2,3725.0,0.0
TCGA-HT-7605,Oligodendroglioma,G2,G2,139.0,0.0
TCGA-HT-7606,IDH-Mutant Astrocytoma,G2,G2,526.0,0.0
TCGA-HT-7607,Oligodendroglioma,G2,G2,96.0,1.0
TCGA-HT-7608,Oligodendroglioma,G2,G2,671.0,0.0
TCGA-HT-7609,IDH-Mutant Astrocytoma,G3,G3,1399.0,0.0
TCGA-HT-7610,IDH-Mutant Astrocytoma,G2,G2,1706.0,0.0
TCGA-HT-7611,IDH-Mutant Astrocytoma,G2,G2,1752.0,0.0
TCGA-HT-7616,Oligodendroglioma,G3,G3,7.0,1.0
TCGA-HT-7620,Oligodendroglioma,G3,G3,434.0,0.0
TCGA-HT-7676,IDH-Mutant Astrocytoma,G2,G2,5.0,0.0
TCGA-HT-7677,Oligodendroglioma,G3,G3,494.0,0.0
TCGA-HT-7681,Oligodendroglioma,G2,G2,1359.0,0.0
TCGA-HT-7684,IDH-Mutant Astrocytoma,G3,G3,184.0,0.0
TCGA-HT-7686,IDH-Mutant Astrocytoma,G3,G3,1300.0,0.0
TCGA-HT-7687,Oligodendroglioma,G3,G3,3.0,0.0
TCGA-HT-7688,IDH-Mutant Astrocytoma,G3,G3,964.0,0.0
TCGA-HT-7689,IDH-Mutant Astrocytoma,G2,G2,455.0,0.0
TCGA-HT-7690,IDH-Mutant Astrocytoma,G3,G3,3.0,0.0
TCGA-HT-7692,Oligodendroglioma,G2,G2,90.0,0.0
TCGA-HT-7693,IDH-Mutant Astrocytoma,G2,G2,533.0,0.0
TCGA-HT-7694,Oligodendroglioma,G3,G3,210.0,0.0
TCGA-HT-7695,Oligodendroglioma,G2,G2,442.0,0.0
TCGA-HT-7854,IDH-Wildtype Glioblastoma,G2,G4,1201.0,0.0
TCGA-HT-7855,IDH-Mutant Astrocytoma,G3,G3,585.0,0.0
TCGA-HT-7856,Oligodendroglioma,G3,G3,1189.0,0.0
TCGA-HT-7858,IDH-Mutant Astrocytoma,G2,G2,1540.0,0.0
TCGA-HT-7860,IDH-Wildtype Glioblastoma,G3,G4,15.0,0.0
TCGA-HT-7873,IDH-Mutant Astrocytoma,G2,G2,718.0,0.0
TCGA-HT-7874,Oligodendroglioma,G3,G3,1130.0,0.0
TCGA-HT-7875,Oligodendroglioma,G2,G2,10.0,0.0
TCGA-HT-7877,Oligodendroglioma,G2,G2,4.0,0.0
TCGA-HT-7879,IDH-Mutant Astrocytoma,G3,G3,112.0,0.0
TCGA-HT-7880,IDH-Mutant Astrocytoma,G2,G2,162.0,0.0
TCGA-HT-7881,Oligodendroglioma,G2,G2,1079.0,0.0
TCGA-HT-7882,IDH-Wildtype Glioblastoma,G3,G4,113.0,1.0
TCGA-HT-7884,IDH-Mutant Astrocytoma,G2,G2,343.0,0.0
TCGA-HT-7902,IDH-Mutant Astrocytoma,G2,G2,956.0,0.0
TCGA-HT-8010,Oligodendroglioma,G2,G2,50.0,0.0
TCGA-HT-8011,IDH-Wildtype Glioblastoma,G3,G4,494.0,0.0
TCGA-HT-8012,Oligodendroglioma,G2,G2,286.0,0.0
TCGA-HT-8013,IDH-Mutant Astrocytoma,G2,G2,1933.0,1.0
TCGA-HT-8018,IDH-Mutant Astrocytoma,G2,G2,1152.0,1.0
TCGA-HT-8104,IDH-Wildtype Glioblastoma,G3,G4,372.0,0.0
TCGA-HT-8105,Oligodendroglioma,G3,G3,190.0,0.0
TCGA-HT-8106,IDH-Mutant Astrocytoma,G3,G3,3.0,0.0
TCGA-HT-8108,IDH-Mutant Astrocytoma,G2,G2,76.0,0.0
TCGA-HT-8109,Oligodendroglioma,G3,G3,169.0,0.0
TCGA-HT-8110,IDH-Wildtype Glioblastoma,G3,G4,419.0,0.0
TCGA-HT-8111,IDH-Mutant Astrocytoma,G3,G3,7.0,0.0
TCGA-HT-8114,IDH-Mutant Astrocytoma,G3,G3,1040.0,0.0
TCGA-HT-8563,IDH-Mutant Astrocytoma,G3,G3,860.0,0.0
TCGA-HT-8564,IDH-Wildtype Glioblastoma,G3,G4,478.0,0.0
TCGA-HT-A4DS,IDH-Wildtype Glioblastoma,G3,G4,7.0,0.0
TCGA-HT-A4DV,Oligodendroglioma,G3,G3,792.0,0.0
TCGA-HT-A5R5,IDH-Mutant Astrocytoma,G2,G2,4.0,0.0
TCGA-HT-A5R7,IDH-Mutant Astrocytoma,G3,G3,615.0,0.0
TCGA-HT-A5R9,Oligodendroglioma,G3,G3,2.0,0.0
TCGA-HT-A5RA,IDH-Wildtype Glioblastoma,G3,G4,832.0,0.0
TCGA-HT-A5RB,IDH-Mutant Astrocytoma,G2,G2,3.0,0.0
TCGA-HT-A5RC,IDH-Wildtype Glioblastoma,G3,G4,162.0,1.0
TCGA-HT-A614,IDH-Mutant Astrocytoma,G2,G2,82.0,0.0
TCGA-HT-A615,Oligodendroglioma,G2,G2,515.0,0.0
TCGA-HT-A616,IDH-Mutant Astrocytoma,G2,G2,55.0,0.0
TCGA-HT-A617,IDH-Wildtype Glioblastoma,G2,G4,491.0,0.0
TCGA-HT-A618,IDH-Mutant Astrocytoma,G3,G3,512.0,0.0
TCGA-HT-A619,Oligodendroglioma,G3,G3,651.0,0.0
TCGA-HT-A61B,IDH-Mutant Astrocytoma,G3,G3,533.0,0.0
TCGA-HT-A61C,IDH-Wildtype Glioblastoma,G3,G4,537.0,1.0
TCGA-HT-A74H,IDH-Wildtype Glioblastoma,G3,G4,74.0,0.0
TCGA-HT-A74J,IDH-Mutant Astrocytoma,G2,G4,320.0,0.0
TCGA-HT-A74K,Oligodendroglioma,G3,G3,467.0,0.0
TCGA-HT-A74L,Oligodendroglioma,G2,G2,336.0,0.0
TCGA-HT-A74O,IDH-Mutant Astrocytoma,G3,G3,3.0,0.0
TCGA-HW-7486,Oligodendroglioma,G2,G2,1721.0,0.0
TCGA-HW-7487,Oligodendroglioma,G2,G2,1382.0,0.0
TCGA-HW-7489,IDH-Mutant Astrocytoma,G2,G2,1262.0,1.0
TCGA-HW-7490,IDH-Mutant Astrocytoma,G2,G2,1387.0,0.0
TCGA-HW-7491,Oligodendroglioma,G2,G2,2078.0,0.0
TCGA-HW-7495,Oligodendroglioma,G2,G2,1078.0,0.0
TCGA-HW-8319,IDH-Mutant Astrocytoma,G3,G3,1209.0,1.0
TCGA-HW-8320,IDH-Mutant Astrocytoma,G3,G3,1217.0,0.0
TCGA-HW-8321,IDH-Mutant Astrocytoma,G3,G3,1294.0,0.0
TCGA-HW-8322,Oligodendroglioma,G2,G2,758.0,0.0
TCGA-HW-A5KJ,Oligodendroglioma,G3,G3,962.0,1.0
TCGA-HW-A5KK,IDH-Wildtype Glioblastoma,G3,G4,388.0,1.0
TCGA-HW-A5KL,IDH-Mutant Astrocytoma,G2,G2,878.0,0.0
TCGA-HW-A5KM,IDH-Mutant Astrocytoma,G2,G2,630.0,0.0
TCGA-IK-7675,IDH-Mutant Astrocytoma,G2,G2,578.0,1.0
TCGA-IK-8125,Oligodendroglioma,G3,G3,1301.0,0.0
TCGA-KT-A74X,Oligodendroglioma,G3,G3,438.0,0.0
TCGA-KT-A7W1,IDH-Wildtype Glioblastoma,G3,G4,438.0,0.0
TCGA-OX-A56R,IDH-Wildtype Glioblastoma,G4,G4,180.0,1.0
TCGA-P5-A5ET,Oligodendroglioma,G2,G2,0.0,0.0
TCGA-P5-A5EU,IDH-Mutant Astrocytoma,G3,G4,0.0,0.0
TCGA-P5-A5EV,IDH-Mutant Astrocytoma,G2,G2,7.0,0.0
TCGA-P5-A5EW,IDH-Mutant Astrocytoma,G2,G2,204.0,0.0
TCGA-P5-A5EX,Oligodendroglioma,G3,G3,243.0,0.0
TCGA-P5-A5EZ,IDH-Mutant Astrocytoma,G3,G3,70.0,0.0
TCGA-P5-A5F0,Oligodendroglioma,G2,G2,287.0,0.0
TCGA-P5-A5F1,IDH-Mutant Astrocytoma,G2,G2,179.0,0.0
TCGA-P5-A5F2,IDH-Mutant Astrocytoma,G2,G2,242.0,0.0
TCGA-P5-A5F4,IDH-Mutant Astrocytoma,G3,G3,231.0,0.0
TCGA-P5-A72U,IDH-Wildtype Glioblastoma,G3,G4,7.0,0.0
TCGA-P5-A72W,IDH-Mutant Astrocytoma,G3,G3,317.0,0.0
TCGA-P5-A72X,IDH-Mutant Astrocytoma,G3,G3,403.0,0.0
TCGA-P5-A72Z,Oligodendroglioma,G3,G3,354.0,0.0
TCGA-P5-A730,Oligodendroglioma,G3,G3,333.0,0.0
TCGA-P5-A731,IDH-Mutant Astrocytoma,G2,G2,274.0,0.0
TCGA-P5-A733,IDH-Mutant Astrocytoma,G2,G2,414.0,0.0
TCGA-P5-A735,IDH-Mutant Astrocytoma,G2,G2,292.0,0.0
TCGA-P5-A736,IDH-Mutant Astrocytoma,G3,G3,230.0,0.0
TCGA-P5-A737,Oligodendroglioma,G2,G2,372.0,0.0
TCGA-P5-A77W,Oligodendroglioma,G3,G3,584.0,0.0
TCGA-P5-A77X,Oligodendroglioma,G2,G2,105.0,0.0
TCGA-P5-A780,IDH-Mutant Astrocytoma,G3,G4,72.0,0.0
TCGA-P5-A781,Oligodendroglioma,G3,G3,134.0,0.0
TCGA-QH-A65R,Oligodendroglioma,G3,G3,461.0,0.0
TCGA-QH-A65S,IDH-Mutant Astrocytoma,G2,G2,77.0,0.0
TCGA-QH-A65V,Oligodendroglioma,G2,G2,384.0,0.0
TCGA-QH-A65X,Oligodendroglioma,G3,G3,482.0,0.0
TCGA-QH-A65Z,Oligodendroglioma,G2,G2,427.0,0.0
TCGA-QH-A6CS,IDH-Wildtype Glioblastoma,G3,G4,588.0,0.0
TCGA-QH-A6CU,Oligodendroglioma,G3,G3,451.0,0.0
TCGA-QH-A6CV,IDH-Wildtype Glioblastoma,G3,G4,442.0,0.0
TCGA-QH-A6CW,IDH-Mutant Astrocytoma,G3,G3,414.0,0.0
TCGA-QH-A6CX,IDH-Wildtype Glioblastoma,G2,G4,372.0,1.0
TCGA-QH-A6CY,Oligodendroglioma,G3,G3,408.0,0.0
TCGA-QH-A6CZ,Oligodendroglioma,G2,G2,279.0,0.0
TCGA-QH-A6X3,IDH-Mutant Astrocytoma,G2,G2,313.0,0.0
TCGA-QH-A6X4,Oligodendroglioma,G3,G3,442.0,0.0
TCGA-QH-A6X5,Oligodendroglioma,G2,G2,497.0,0.0
TCGA-QH-A6X8,Oligodendroglioma,G3,G3,509.0,0.0
TCGA-QH-A6X9,IDH-Mutant Astrocytoma,G2,G4,58.0,0.0
TCGA-QH-A6XA,IDH-Mutant Astrocytoma,G2,G2,502.0,0.0
TCGA-QH-A6XC,IDH-Wildtype Glioblastoma,G3,G4,508.0,0.0
TCGA-QH-A86X,Oligodendroglioma,G2,G2,337.0,0.0
TCGA-QH-A870,IDH-Mutant Astrocytoma,G3,G4,395.0,0.0
TCGA-R8-A6MK,Oligodendroglioma,G2,G2,2702.0,0.0
TCGA-R8-A6ML,Oligodendroglioma,G3,G3,2860.0,0.0
TCGA-R8-A6MO,Oligodendroglioma,G2,G2,993.0,0.0
TCGA-R8-A6YH,IDH-Mutant Astrocytoma,G2/G3,G2/G3,0.0,0.0
TCGA-R8-A73M,Oligodendroglioma,G2,G2,1806.0,0.0
TCGA-RR-A6KA,IDH-Wildtype Glioblastoma,G4,G4,191.0,1.0
TCGA-RR-A6KB,IDH-Wildtype Glioblastoma,G4,G4,0.0,0.0
TCGA-RR-A6KC,IDH-Wildtype Glioblastoma,G4,G4,625.0,1.0
TCGA-RY-A83X,Oligodendroglioma,G2,G2,939.0,0.0
TCGA-RY-A83Y,Oligodendroglioma,G2,G2,166.0,0.0
TCGA-RY-A83Z,IDH-Mutant Astrocytoma,G3,G4,301.0,0.0
TCGA-RY-A840,Oligodendroglioma,G3,G3,854.0,0.0
TCGA-RY-A843,IDH-Mutant Astrocytoma,G3,G3,63.0,0.0
TCGA-RY-A845,IDH-Mutant Astrocytoma,G2,G2,596.0,0.0
TCGA-RY-A847,Oligodendroglioma,G2,G2,933.0,0.0
TCGA-S9-A6TS,IDH-Mutant Astrocytoma,G3,G3,1891.0,1.0
TCGA-S9-A6TU,IDH-Mutant Astrocytoma,G2,G2,2650.0,0.0
TCGA-S9-A6TV,IDH-Mutant Astrocytoma,G3,G3,571.0,0.0
TCGA-S9-A6TW,Oligodendroglioma,G3,G3,1250.0,0.0
TCGA-S9-A6TX,Oligodendroglioma,G3,G3,1245.0,0.0
TCGA-S9-A6TY,Oligodendroglioma,G2,G2,1076.0,0.0
TCGA-S9-A6TZ,IDH-Mutant Astrocytoma,G2,G2,1120.0,0.0
TCGA-S9-A6U0,IDH-Wildtype Glioblastoma,G3,G4,742.0,1.0
TCGA-S9-A6U1,IDH-Mutant Astrocytoma,G3,G3,785.0,0.0
TCGA-S9-A6U2,Oligodendroglioma,G2,G2,908.0,0.0
TCGA-S9-A6U5,Oligodendroglioma,G2,G2,992.0,0.0
TCGA-S9-A6U6,IDH-Mutant Astrocytoma,G3,G3,1069.0,0.0
TCGA-S9-A6U8,IDH-Mutant Astrocytoma,G2,G2,2988.0,1.0
TCGA-S9-A6U9,IDH-Mutant Astrocytoma,G3,G3,2918.0,0.0
TCGA-S9-A6UB,Oligodendroglioma,G2,G2,3761.0,0.0
TCGA-S9-A6WD,Oligodendroglioma,G3,G3,2289.0,0.0
TCGA-S9-A6WE,Oligodendroglioma,G2,G2,4113.0,0.0
TCGA-S9-A6WG,IDH-Mutant Astrocytoma,G3,G3,2602.0,0.0
TCGA-S9-A6WH,Oligodendroglioma,G2,G2,1173.0,0.0
TCGA-S9-A6WL,Oligodendroglioma,G3,G3,946.0,0.0
TCGA-S9-A6WM,IDH-Wildtype Glioblastoma,G3,G4,604.0,0.0
TCGA-S9-A6WN,Oligodendroglioma,G3,G3,805.0,0.0
TCGA-S9-A6WO,IDH-Mutant Astrocytoma,G2,G2,566.0,0.0
TCGA-S9-A6WP,Oligodendroglioma,G3,G3,567.0,0.0
TCGA-S9-A6WQ,IDH-Mutant Astrocytoma,G2,G2,428.0,0.0
TCGA-S9-A7IQ,Oligodendroglioma,G2,G2,1099.0,0.0
TCGA-S9-A7IS,IDH-Mutant Astrocytoma,G3,G4,241.0,1.0
TCGA-S9-A7IX,IDH-Wildtype Glioblastoma,G3,G4,819.0,1.0
TCGA-S9-A7IY,Oligodendroglioma,G3,G3,715.0,0.0
TCGA-S9-A7IZ,IDH-Mutant Astrocytoma,G3,G4,608.0,0.0
TCGA-S9-A7J0,IDH-Mutant Astrocytoma,G3,G4,609.0,0.0
TCGA-S9-A7J1,Oligodendroglioma,G2,G2,249.0,0.0
TCGA-S9-A7J2,Oligodendroglioma,G3,G3,62.0,0.0
TCGA-S9-A7J3,Oligodendroglioma,G3,G3,629.0,0.0
TCGA-S9-A7QW,IDH-Mutant Astrocytoma,G3,G3,458.0,0.0
TCGA-S9-A7QX,IDH-Mutant Astrocytoma,G3,G3,564.0,0.0
TCGA-S9-A7QY,Oligodendroglioma,G2,G2,863.0,0.0
TCGA-S9-A7QZ,Oligodendroglioma,G2,G2,826.0,0.0
TCGA-S9-A7R1,Oligodendroglioma,G2,G2,5166.0,1.0
TCGA-S9-A7R2,IDH-Wildtype Glioblastoma,G3,G4,316.0,1.0
TCGA-S9-A7R3,IDH-Mutant Astrocytoma,G2,G2,3013.0,0.0
TCGA-S9-A7R4,IDH-Mutant Astrocytoma,G3,G3,914.0,0.0
TCGA-S9-A7R7,IDH-Mutant Astrocytoma,G2,G2,3000.0,0.0
TCGA-S9-A7R8,IDH-Mutant Astrocytoma,G3,G3,961.0,1.0
TCGA-S9-A89Z,IDH-Mutant Astrocytoma,G3,G4,623.0,0.0
TCGA-TM-A7C3,IDH-Wildtype Glioblastoma,G3,G4,1666.0,1.0
TCGA-TM-A7C4,IDH-Mutant Astrocytoma,G2,G2,1470.0,0.0
TCGA-TM-A7C5,Oligodendroglioma,G2,G2,1500.0,0.0
TCGA-TM-A7CA,IDH-Mutant Astrocytoma,G2,G2,1058.0,0.0
TCGA-TM-A7CF,IDH-Mutant Astrocytoma,G2,G2,1989.0,0.0
TCGA-TM-A84B,IDH-Wildtype Glioblastoma,G3,G4,758.0,1.0
TCGA-TM-A84F,IDH-Mutant Astrocytoma,G3,G3,1796.0,0.0
TCGA-TM-A84G,Oligodendroglioma,G3,G3,1236.0,0.0
TCGA-TM-A84H,IDH-Mutant Astrocytoma,G3,G3,926.0,0.0
TCGA-TM-A84I,IDH-Mutant Astrocytoma,G3,G3,854.0,0.0
TCGA-TM-A84L,IDH-Mutant Astrocytoma,G2,G2,1242.0,1.0
TCGA-TM-A84M,Oligodendroglioma,G3,G3,754.0,0.0
TCGA-TM-A84O,Oligodendroglioma,G3,G3,1011.0,1.0
TCGA-TM-A84Q,IDH-Mutant Astrocytoma,G2,G2,772.0,0.0
TCGA-TM-A84R,Oligodendroglioma,G2,G2,566.0,0.0
TCGA-TM-A84S,Oligodendroglioma,G3,G3,454.0,0.0
TCGA-TM-A84T,IDH-Mutant Astrocytoma,G2,G2,724.0,0.0
TCGA-TQ-A7RF,IDH-Mutant Astrocytoma,G3,G3,650.0,0.0
TCGA-TQ-A7RG,Oligodendroglioma,G2,G2,599.0,0.0
TCGA-TQ-A7RH,IDH-Mutant Astrocytoma,G2,G2,486.0,0.0
TCGA-TQ-A7RI,Oligodendroglioma,G2,G2,62.0,0.0
TCGA-TQ-A7RJ,IDH-Mutant Astrocytoma,G2,G2,1229.0,0.0
TCGA-TQ-A7RK,IDH-Mutant Astrocytoma,G2,G2,1341.0,0.0
TCGA-TQ-A7RM,IDH-Mutant Astrocytoma,G3,G3,1116.0,0.0
TCGA-TQ-A7RN,Oligodendroglioma,G2,G2,1026.0,0.0
TCGA-TQ-A7RO,Oligodendroglioma,G2,G2,949.0,0.0
TCGA-TQ-A7RP,IDH-Wildtype Glioblastoma,G2,G4,914.0,0.0
TCGA-TQ-A7RQ,Oligodendroglioma,G2,G2,795.0,0.0
TCGA-TQ-A7RR,IDH-Mutant Astrocytoma,G2,G2,787.0,0.0
TCGA-TQ-A7RS,Oligodendroglioma,G2,G2,0.0,0.0
TCGA-TQ-A7RU,Oligodendroglioma,G2,G2,1032.0,0.0
TCGA-TQ-A7RV,IDH-Mutant Astrocytoma,G2,G2,1868.0,0.0
TCGA-TQ-A7RW,IDH-Mutant Astrocytoma,G2,G2,821.0,1.0
TCGA-TQ-A8XE,IDH-Mutant Astrocytoma,G2,G2,954.0,1.0
TCGA-VM-A8C8,IDH-Mutant Astrocytoma,G2,G2,1397.0,0.0
TCGA-VM-A8CA,Oligodendroglioma,G2,G2,411.0,0.0
TCGA-VM-A8CB,Oligodendroglioma,G3,G3,3.0,0.0
TCGA-VM-A8CE,Oligodendroglioma,G2,G2,1191.0,0.0
TCGA-VM-A8CF,IDH-Mutant Astrocytoma,G3,G3,609.0,0.0
TCGA-VM-A8CH,IDH-Mutant Astrocytoma,G2,G2,714.0,0.0
TCGA-VV-A829,Oligodendroglioma,G3,G3,1127.0,0.0
TCGA-VV-A86M,IDH-Mutant Astrocytoma,G3,G4,487.0,0.0
TCGA-VW-A7QS,Oligodendroglioma,G3,G3,706.0,0.0
TCGA-VW-A8FI,IDH-Wildtype Glioblastoma,G3,G4,245.0,1.0
TCGA-W9-A837,Oligodendroglioma,G2,G2,1553.0,0.0
TCGA-WH-A86K,IDH-Mutant Astrocytoma,G2,G2,405.0,0.0
TCGA-WY-A858,IDH-Mutant Astrocytoma,G3,G3,1337.0,0.0
TCGA-WY-A859,IDH-Mutant Astrocytoma,G2,G2,1213.0,0.0
TCGA-WY-A85A,IDH-Mutant Astrocytoma,G2,G2,1320.0,0.0
TCGA-WY-A85B,IDH-Mutant Astrocytoma,G2,G2,1393.0,0.0
TCGA-WY-A85C,IDH-Mutant Astrocytoma,G2,G2,1426.0,0.0
TCGA-WY-A85D,IDH-Mutant Astrocytoma,G2,G2,1147.0,0.0
TCGA-WY-A85E,IDH-Mutant Astrocytoma,G2,G2,633.0,0.0
